scorer,,,annotation,annotation,annotation,annotation,annotation,annotation,annotation,annotation,annotation,annotation,annotation,annotation,annotation,annotation,annotation,annotation,annotation,annotation,annotation,annotation,annotation,annotation,annotation,annotation,annotation,annotation,annotation,annotation,annotation,annotation,annotation,annotation,annotation,annotation,annotation,annotation
individuals,,,mouse1,mouse1,mouse1,mouse1,mouse1,mouse1,mouse1,mouse1,mouse1,mouse1,mouse1,mouse1,mouse1,mouse1,mouse1,mouse1,mouse1,mouse1,mouse2,mouse2,mouse2,mouse2,mouse2,mouse2,mouse2,mouse2,mouse2,mouse2,mouse2,mouse2,mouse2,mouse2,mouse2,mouse2,mouse2,mouse2
bodyparts,,,topleft,topleft,rightdown,rightdown,nose,nose,leftear,leftear,rightear,rightear,leftHip,leftHip,rightHip,rightHip,tailBase,tailBase,tailEnd,tailEnd,topleft,topleft,rightdown,rightdown,nose,nose,leftear,leftear,rightear,rightear,leftHip,leftHip,rightHip,rightHip,tailBase,tailBase,tailEnd,tailEnd
coords,,,x,y,x,y,x,y,x,y,x,y,x,y,x,y,x,y,x,y,x,y,x,y,x,y,x,y,x,y,x,y,x,y,x,y,x,y
labeled-data,24,A_male_in_a_new_cage_face_view_3_2022-08-10_15-39-01_262.png,273.048051610387,12.9032305242289,544.73968929767,331.769622022165,517.657886184146,21.6392960447204,504.553787903409,51.3419188143911,464.367886509149,59.2043777828334,532.509197568982,169.278803341025,481.840017550132,168.405196788976,462.62067340505,251.397819233644,307.118707140304,295.95175338815,,,,,,,,,,,,,,,,,,
labeled-data,24,A_male_in_a_new_cage_face_view_3_2022-08-10_15-39-01_271.png,286.152149891124,140.449787123403,516.784279632097,315.171097533231,515.910673080048,175.394049205369,488.828869966525,148.312246091846,457.379034092756,152.680278852091,478.345591341935,234.799294744711,425.055591666937,229.557655432416,412.825099938249,262.754704410283,293.141002307517,285.468474763561,,,,,,,,,,,,,,,,,,
labeled-data,24,A_male_in_a_new_cage_face_view_3_2022-08-10_15-39-01_404.png,238.977396080471,154.42749195619,394.479362345217,225.18962267217,247.713461600962,212.085524391433,267.806412298092,203.349458870942,272.174445058338,198.107819558647,300.12985472391,198.107819558647,303.624280932107,187.624540934057,336.821329909974,189.371754038155,404.089034417758,217.327163703728,,,,,,,,,,,,,,,,,,
labeled-data,24,A_male_in_a_new_cage_face_view_3_2022-08-10_15-39-01_440.png,230.241330559979,166.657983684878,310.6131333485,239.167327504956,287.899362995222,192.866180246352,273.048051610387,184.13011472586,280.03690402678,196.360606454548,253.828707465306,196.360606454548,269.55362540219,210.338311287335,245.092641944815,221.695196463973,303.624280932107,234.799294744711,,,,,,,,,,,,,,,,,,
labeled-data,24,A_male_in_a_new_cage_face_view_3_2022-08-10_15-39-01_596.png,233.735756768176,173.646836101271,299.256248171861,261.007491306185,240.724609184569,187.624540934057,251.207887809159,191.118967142254,258.196740225552,185.00372127791,257.323133673503,208.591098183236,287.899362995222,194.61339335045,281.784117130878,224.316016120121,252.955100913257,259.260278202087,,,,,,,,,,,,,,,,,,
labeled-data,24,A_male_in_a_new_cage_face_view_3_2022-08-10_15-39-01_608.png,219.758051935389,98.5166726250447,309.739526796451,226.936835776268,232.862150216127,106.379131593487,238.977396080471,115.115197113978,247.713461600962,108.999951249634,233.735756768176,149.185852643895,252.081494361208,150.933065747993,252.081494361208,198.981426110696,300.12985472391,222.568803016023,,,,,,,,,,,,,,,,,,
labeled-data,24,A_male_in_a_new_cage_face_view_3_2022-08-10_15-39-01_778.png,311.486739900549,88.033394000455,425.055591666937,232.178475088563,430.297230979232,100.263885729143,417.193132698495,115.988803666028,410.204280282102,119.483229874224,415.445919594397,168.405196788976,397.973788553414,171.899622997173,375.260018200136,201.602245766843,301.877067828009,218.200770255777,,,,,,,,,,,,,,,,,,
labeled-data,24,A_male_in_a_new_cage_face_view_3_2022-08-10_15-39-01_801.png,311.486739900549,170.152409893074,397.973788553414,242.661753713153,356.040674055055,230.431261984465,384.869690272677,207.717491631187,355.167067503006,203.349458870942,397.100182001365,206.843885079138,360.408706815301,194.61339335045,360.408706815301,189.371754038155,321.09641197309,202.475852318892,,,,,,,,,,,,,,,,,,
labeled-data,24,A_male_in_a_new_cage_face_view_3_2022-08-10_15-39-01_842.png,308.865920244402,298.572573044298,100.073954304657,18.1448698365238,328.958870941532,318.665523741428,120.166905001788,26.8809353570152,168.21526536449,57.4571646787351,166.468052260392,46.1002795020963,116.672478793591,157.048311612337,169.088871916539,164.910770580779,190.055429165719,247.029786473399,,,,,,,,,,,,,,,,,,
labeled-data,24,A_male_in_a_new_cage_side_view_4_2022-08-10_15-39-03_1100.png,123.661331209984,179.762081965615,184.813789853424,263.628310962332,146.375101563262,220.821589911924,172.583298124736,196.360606454548,146.375101563262,190.245360590204,174.330511228834,230.431261984465,139.386249146869,232.178475088563,156.858380187851,246.156179921349,145.501495011213,243.535360265202,,,,,,,,,,,,,,,,,,
labeled-data,24,A_male_in_a_new_cage_side_view_4_2022-08-10_15-39-03_165.png,114.051659137444,184.13011472586,240.724609184569,277.606015795118,118.419691897689,204.223065422991,144.627888459163,200.728639214794,160.352806396048,196.360606454548,176.077724332933,234.799294744711,197.917888134161,222.568803016023,216.263625727193,254.018638889792,218.010838831291,276.732409243069,,,,,,,,,,,,,,,,,,
labeled-data,24,A_male_in_a_new_cage_side_view_4_2022-08-10_15-39-03_238.png,456.505427540707,154.42749195619,521.152312392343,302.066999252494,496.691328934967,167.531590236927,475.724771685788,173.646836101271,495.817722382918,178.888475413566,471.356738925542,218.200770255777,506.301001007507,221.695196463973,482.713624102181,263.628310962332,480.092804446033,269.743556826676,,,,,,,,,,,,,,,,,,
labeled-data,24,A_male_in_a_new_cage_side_view_4_2022-08-10_15-39-03_249.png,459.126247196854,107.252738145536,518.531492736195,283.721261659462,514.16345997595,110.747164353733,485.334443758328,122.977656082421,503.68018135136,128.219295394715,480.092804446033,168.405196788976,509.795427215704,176.267655757418,483.58723065423,229.557655432416,485.334443758328,283.721261659462,,,,,,,,,,,,,,,,,,
labeled-data,24,A_male_in_a_new_cage_side_view_4_2022-08-10_15-39-03_283.png,445.148542364068,187.624540934057,599.776902076766,302.940605804544,616.375426565699,206.843885079138,577.936738275537,201.602245766843,567.453459650947,211.211917839384,529.014771360785,234.799294744711,526.393951704638,248.776999577497,477.471984789886,256.639458545939,455.631820988657,243.535360265202,,,,,,,,,,,,,,,,,,
labeled-data,24,A_male_in_a_new_cage_side_view_4_2022-08-10_15-39-03_327.png,337.694936462023,212.085524391433,558.717394130456,330.022408918067,344.683788878417,278.479622347168,354.293460950957,247.029786473399,373.512805096038,261.007491306185,404.962640969807,278.479622347168,432.91805063538,255.76585199389,480.966410998082,283.721261659462,553.475754818161,299.446179596347,,,,,,,,,,,,,,,,,,
labeled-data,24,A_male_in_a_new_cage_side_view_4_2022-08-10_15-39-03_358.png,335.947723357925,203.349458870942,551.728541714063,283.721261659462,349.051821638662,246.156179921349,370.018378887842,231.304868536514,371.76559199194,222.568803016023,408.457067178004,245.2825733693,425.929198218987,233.052081640612,457.379034092756,248.776999577497,542.992476193571,278.479622347168,,,,,,,,,,,,,,,,,,
labeled-data,24,A_male_in_a_new_cage_side_view_4_2022-08-10_15-39-03_417.png,43.2895284214632,227.810442328317,233.735756768176,331.769622022165,52.0255939419546,276.732409243069,59.0144463583477,266.24913061848,70.3713315349865,258.386671650037,108.810019825149,292.457327179954,135.018216386623,264.501917514381,194.423461925964,272.364376482824,209.2747733108,279.353228899217,,,,,,,,,,,,,,,,,,
labeled-data,24,A_male_in_a_new_cage_side_view_4_2022-08-10_15-39-03_529.png,166.468052260392,111.620770905782,267.806412298092,280.226835451266,214.516412623095,114.241590561929,192.676248821866,115.115197113978,219.758051935389,124.724869186519,179.572150541129,175.394049205369,214.516412623095,181.509295069713,190.929035717768,227.810442328317,255.575920569404,280.226835451266,,,,,,,,,,,,,,,,,,
labeled-data,24,A_male_in_a_new_cage_side_view_4_2022-08-10_15-39-03_723.png,119.293298449738,158.795524716435,322.843625077188,292.457327179954,123.661331209984,176.267655757418,144.627888459163,177.141262309467,156.858380187851,166.657983684878,177.824937437031,230.431261984465,148.12231466736,226.936835776268,201.412314342358,267.996343722578,315.854772660795,288.962900971757,,,,,,,,,,,,,,,,,,
labeled-data,24,A_male_in_a_new_cage_side_view_4_2022-08-10_15-39-03_984.png,124.534937762033,203.349458870942,328.085264389483,286.34208131561,130.650183626377,242.661753713153,138.512642594819,233.925688192661,143.754281907114,226.063229224219,173.456904676785,255.76585199389,186.561002957522,241.788147161104,230.241330559979,248.776999577497,319.349198868992,281.974048555364,,,,,,,,,,,,,,,,,,
labeled-data,24,A_male_in_a_new_cage_top_view_1_2022-08-10_15-39-00_1043.png,127.155757418181,62.6988039910299,321.970018525139,194.61339335045,134.144609834574,68.8140498553739,146.375101563262,87.1597874484059,167.341658812441,72.3084760635705,176.077724332933,135.208147811109,189.18182261367,108.126344697585,219.758051935389,150.933065747993,312.360346452598,191.118967142254,,,,,,,,,,,,,,,,,,
labeled-data,24,A_male_in_a_new_cage_top_view_1_2022-08-10_15-39-00_380.png,415.445919594397,108.999951249634,542.992476193571,274.985196138971,482.713624102181,120.356836426273,487.955263414476,124.724869186519,507.174607559557,120.356836426273,497.564935487016,149.185852643895,528.141164808736,149.185852643895,514.16345997595,193.739786798401,432.044444083331,276.732409243069,,,,,,,,,,,,,,,,,,
labeled-data,24,A_male_in_a_new_cage_top_view_1_2022-08-10_15-39-00_447.png,150.743134323507,218.200770255777,292.267395755468,337.884867886509,164.720839156294,241.788147161104,160.352806396048,264.501917514381,176.951330884982,253.145032337743,181.319363645227,292.457327179954,202.285920894407,266.24913061848,244.219035392765,302.940605804544,284.404936787026,219.074376807826,,,,,,,,,,,,,,,,,,
labeled-data,24,A_male_in_a_new_cage_top_view_1_2022-08-10_15-39-00_544.png,181.319363645227,106.379131593487,345.557395430466,236.546507848809,199.665101238259,118.609623322175,196.170675030063,126.472082290617,206.653953654652,114.241590561929,231.988543664077,161.416344372583,249.46067470506,142.197000227502,261.691166433748,159.669131268485,328.085264389483,227.810442328317,,,,,,,,,,,,,,,,,,
labeled-data,24,A_male_in_a_new_cage_top_view_1_2022-08-10_15-39-00_605.png,190.055429165719,226.063229224219,417.193132698495,285.468474763561,194.423461925964,250.524212681595,213.642806071045,253.145032337743,218.010838831291,233.052081640612,252.955100913257,286.34208131561,273.921658162436,254.018638889792,301.877067828009,288.089294419708,404.962640969807,283.721261659462,,,,,,,,,,,,,,,,,,
labeled-data,24,A_male_in_a_new_cage_top_view_1_2022-08-10_15-39-00_740.png,184.813789853424,151.806672300042,362.155919919399,279.353228899217,188.30821606162,178.888475413566,198.79149468621,185.00372127791,206.653953654652,165.784377132829,258.196740225552,203.349458870942,271.300838506289,178.014868861516,287.899362995222,195.486999902499,359.535100263252,267.122737170529,,,,,,,,,,,,,,,,,,
labeled-data,24,A_male_meet_with_a_female_face_view_3_2022-08-10_15-43-17_1071.png,214.516412623095,175.394049205369,303.624280932107,255.76585199389,227.620510903832,239.167327504956,250.334281257109,214.70634404758,221.505265039488,208.591098183236,258.196740225552,218.200770255777,236.356576424323,217.327163703728,264.311986089896,194.61339335045,301.877067828009,185.877327829959,328.958870941532,265.37552406643,410.204280282102,196.360606454548,342.936575774318,224.316016120121,349.925428190711,219.074376807826,370.018378887842,218.200770255777,364.776739575547,240.040934057005,394.479362345217,236.546507848809,401.468214761611,243.535360265202,338.568543014073,261.007491306185
labeled-data,24,A_male_meet_with_a_female_face_view_3_2022-08-10_15-43-17_1091.png,323.717231629237,175.394049205369,386.616903376775,243.535360265202,380.501657512431,201.602245766843,364.776739575547,194.61339335045,369.144772335792,203.349458870942,348.178215086613,201.602245766843,361.28231336735,214.70634404758,335.074116805876,218.200770255777,354.293460950957,251.397819233644,374.386411648087,185.877327829959,439.906903051773,259.260278202087,418.066739250544,241.788147161104,425.929198218987,229.557655432416,410.204280282102,229.557655432416,418.940345802594,219.074376807826,397.100182001365,222.568803016023,396.226575449316,212.085524391433,389.237723032923,216.453557151679
labeled-data,24,A_male_meet_with_a_female_face_view_3_2022-08-10_15-43-17_1249.png,261.691166433748,182.382901621762,370.018378887842,248.776999577497,285.278543339075,200.728639214794,273.921658162436,194.61339335045,295.761821963665,194.61339335045,265.185592641945,210.338311287335,303.624280932107,209.464704735286,293.141002307517,226.063229224219,363.903133023498,238.293720952907,328.085264389483,65.3196236471774,390.984936137021,232.178475088563,361.28231336735,85.4125743443076,348.178215086613,102.011098833241,372.639198543989,105.505525041438,349.051821638662,133.46093470701,373.512805096038,135.208147811109,363.029526471449,159.669131268485,370.891985439891,227.810442328317
labeled-data,24,A_male_meet_with_a_female_face_view_3_2022-08-10_15-43-17_137.png,307.118707140304,151.806672300042,415.445919594397,253.145032337743,314.107559556697,172.773229549222,334.200510253827,174.52044265332,341.18936267022,163.163557476681,356.914280607104,199.855032662745,368.271165783743,177.141262309467,395.352968897267,215.579950599629,398.847395105463,253.145032337743,,,,,,,,,,,,,,,,,,
labeled-data,24,A_male_meet_with_a_female_face_view_3_2022-08-10_15-43-17_222.png,183.066576749326,18.1448698365238,347.304608534564,337.884867886509,327.211657837434,20.7656894926712,330.70608404563,82.7917546881602,278.289690922682,61.8251974389808,287.899362995222,237.420114400858,228.494117455881,233.052081640612,254.702314017355,268.869950274627,313.233953004648,281.974048555364,,,,,,,,,,,,,,,,,,
labeled-data,24,A_male_meet_with_a_female_face_view_3_2022-08-10_15-43-17_578.png,258.196740225552,163.163557476681,346.431001982515,274.985196138971,320.222805421041,199.855032662745,302.750674380058,204.223065422991,322.843625077188,208.591098183236,294.888215411616,212.959130943482,316.728379212844,217.327163703728,303.624280932107,219.947983359875,255.575920569404,268.869950274627,329.832477493581,182.382901621762,450.390181676363,258.386671650037,444.274935812019,240.040934057005,423.308378562839,218.200770255777,418.940345802594,226.063229224219,383.996083720628,227.810442328317,378.754444408333,240.914540609055,333.326903701778,231.304868536514,352.546247846859,223.442409568072
labeled-data,24,A_male_meet_with_a_female_face_view_3_2022-08-10_15-43-17_607.png,287.025756443173,81.0445415840619,338.568543014073,226.936835776268,342.062969222269,108.126344697585,317.601985764893,95.0222464168481,324.590838181286,99.3902791770939,296.635428515714,118.609623322175,320.222805421041,125.598475738568,309.739526796451,151.806672300042,325.464444733335,221.695196463973,303.624280932107,126.472082290617,436.412476843576,252.271425785693,314.107559556697,140.449787123403,333.326903701778,142.197000227502,348.178215086613,142.197000227502,329.832477493581,187.624540934057,359.535100263252,189.371754038155,362.155919919399,215.579950599629,422.43477201079,245.2825733693
labeled-data,24,A_male_meet_with_a_female_face_view_3_2022-08-10_15-43-17_720.png,304.497887484156,13.7768370762781,443.401329259969,330.022408918067,423.308378562839,26.0073288049661,428.550017875134,68.8140498553739,370.018378887842,53.9627384705386,413.698706490299,215.579950599629,342.062969222269,226.063229224219,347.304608534564,240.040934057005,303.624280932107,274.985196138971,,,,,,,,,,,,,,,,,,
labeled-data,24,A_male_meet_with_a_female_face_view_3_2022-08-10_15-43-17_740.png,195.297068478014,178.888475413566,434.665263739478,313.423884429133,218.010838831291,208.591098183236,266.059199193994,215.579950599629,273.921658162436,205.09667197504,328.958870941532,285.468474763561,333.326903701778,264.501917514381,363.903133023498,259.260278202087,434.665263739478,240.914540609055,,,,,,,,,,,,,,,,,,
labeled-data,24,A_male_meet_with_a_female_face_view_3_2022-08-10_15-43-17_847.png,107.06280672105,21.6392960447204,331.579690597679,326.52798270987,118.419691897689,37.3642139816049,155.111167083753,65.3196236471774,158.60559329195,57.4571646787351,162.973626052195,219.947983359875,160.352806396048,209.464704735286,197.917888134161,233.052081640612,334.200510253827,291.583720627905,291.393789203419,143.9442133316,377.007231304235,249.650606129546,318.475592316942,158.795524716435,327.211657837434,161.416344372583,338.568543014073,154.42749195619,332.453297149729,203.349458870942,361.28231336735,203.349458870942,353.419854398908,223.442409568072,305.371494036205,243.535360265202
labeled-data,24,A_male_meet_with_a_female_face_view_3_2022-08-10_15-43-17_941.png,111.430839481296,11.1560174201307,251.207887809159,321.286343397575,123.661331209984,23.3865091488187,162.973626052195,39.1114270857032,161.226412948097,24.2601157008678,142.880675355065,122.977656082421,178.69854398908,130.840115050863,164.720839156294,184.13011472586,204.906740550554,321.286343397575,204.033133998505,165.784377132829,391.85854268907,311.676671325035,207.527560206701,192.866180246352,236.356576424323,185.877327829959,250.334281257109,186.750934382008,310.6131333485,269.743556826676,270.42723195424,258.386671650037,382.24887061653,252.271425785693,282.657723682928,252.271425785693
labeled-data,24,A_male_meet_with_a_female_side_view_4_2022-08-10_15-43-20_1049.png,134.144609834574,219.074376807826,473.977558581689,330.896015470116,466.988706165296,304.687818908642,424.181985114888,267.996343722578,431.170837531282,281.974048555364,310.6131333485,299.446179596347,317.601985764893,308.182245116838,270.42723195424,287.215687867659,129.776577074328,258.386671650037,235.482969872274,203.349458870942,473.10395202964,285.468474763561,255.575920569404,264.501917514381,275.668871266534,237.420114400858,273.921658162436,231.304868536514,346.431001982515,249.650606129546,345.557395430466,241.788147161104,373.512805096038,240.914540609055,466.115099613247,232.178475088563
labeled-data,24,A_male_meet_with_a_female_side_view_4_2022-08-10_15-43-20_1198.png,109.683626377198,101.137492281192,218.010838831291,252.271425785693,116.672478793591,105.505525041438,135.891822938672,112.494377457831,148.12231466736,112.494377457831,131.523790178426,195.486999902499,148.995921219409,192.866180246352,170.836085020638,219.074376807826,216.263625727193,227.810442328317,176.077724332933,210.338311287335,281.784117130878,310.803064772986,205.780347102603,281.974048555364,226.746904351783,247.903393025448,196.170675030063,245.2825733693,263.438379537846,271.490769930774,217.137232279242,262.754704410283,249.46067470506,257.513065097988,252.081494361208,245.2825733693
labeled-data,24,A_male_meet_with_a_female_side_view_4_2022-08-10_15-43-20_1211.png,87.8434625759693,37.3642139816049,199.665101238259,243.535360265202,93.9587084403133,51.3419188143911,117.54608534564,63.5724105430791,127.155757418181,56.583558126686,121.914118105886,152.680278852091,138.512642594819,150.933065747993,149.869527771458,171.899622997173,185.687396405473,236.546507848809,116.672478793591,216.453557151679,282.657723682928,313.423884429133,134.144609834574,278.479622347168,152.490347427606,253.145032337743,159.479199843999,241.788147161104,216.263625727193,277.606015795118,205.780347102603,262.754704410283,256.449527121453,270.617163378725,280.910510578829,264.501917514381
labeled-data,24,A_male_meet_with_a_female_side_view_4_2022-08-10_15-43-20_1287.png,118.419691897689,180.635688517664,298.382641619812,302.940605804544,155.111167083753,210.338311287335,143.754281907114,199.855032662745,170.836085020638,197.234213006598,141.133462250967,248.776999577497,194.423461925964,241.788147161104,183.940183301375,276.732409243069,286.152149891124,293.330933732003,152.490347427606,184.13011472586,233.735756768176,274.985196138971,217.137232279242,264.501917514381,214.516412623095,242.661753713153,197.044281582112,247.029786473399,194.423461925964,222.568803016023,171.709691572687,231.304868536514,213.642806071045,230.431261984465,282.657723682928,252.271425785693
labeled-data,24,A_male_meet_with_a_female_side_view_4_2022-08-10_15-43-20_212.png,245.966248496864,220.821589911924,368.271165783743,299.446179596347,358.661493711203,291.583720627905,343.810182326367,253.145032337743,321.970018525139,261.007491306185,300.12985472391,261.881097858234,263.438379537846,274.985196138971,272.174445058338,257.513065097988,287.025756443173,241.788147161104,449.516575124313,210.338311287335,563.959033442751,334.390441678313,462.62067340505,244.408966817251,466.988706165296,238.293720952907,492.323296174721,229.557655432416,492.323296174721,262.754704410283,529.888377912834,260.133884754136,537.750836881277,283.721261659462,475.724771685788,320.412736845526
labeled-data,24,A_male_meet_with_a_female_side_view_4_2022-08-10_15-43-20_304.png,139.386249146869,224.316016120121,470.483132373493,340.505687542657,466.988706165296,312.550277877084,418.940345802594,274.111589586922,417.193132698495,284.594868211512,301.00346127596,287.215687867659,296.635428515714,301.193392700445,240.724609184569,264.501917514381,162.100019500146,201.602245766843,406.709854073906,297.698966492249,171.709691572687,239.167327504956,224.999691247684,229.557655432416,191.802642269817,213.832737495531,264.311986089896,257.513065097988,250.334281257109,245.2825733693,302.750674380058,256.639458545939,405.836247521856,248.776999577497,389.237723032923,216.453557151679
labeled-data,24,A_male_meet_with_a_female_side_view_4_2022-08-10_15-43-20_457.png,305.371494036205,191.992573694303,569.200672755046,332.643228574214,554.34936137021,267.122737170529,506.301001007507,247.903393025448,525.520345152589,256.639458545939,431.170837531282,274.111589586922,418.940345802594,299.446179596347,388.364116480874,269.743556826676,312.360346452598,203.349458870942,446.022148916117,186.750934382008,548.234115505866,313.423884429133,514.16345997595,261.007491306185,518.531492736195,249.650606129546,497.564935487016,254.018638889792,519.405099288245,272.364376482824,481.840017550132,274.111589586922,382.24887061653,252.271425785693,282.657723682928,252.271425785693
labeled-data,24,A_male_meet_with_a_female_side_view_4_2022-08-10_15-43-20_525.png,90.4642822321167,142.197000227502,322.843625077188,304.687818908642,106.189200169001,154.42749195619,135.891822938672,163.163557476681,144.627888459163,155.301098508239,204.906740550554,248.776999577497,198.79149468621,241.788147161104,223.252478143586,240.914540609055,312.360346452598,286.34208131561,202.285920894407,219.947983359875,460.873460300952,316.91831063733,212.769199518996,241.788147161104,244.219035392765,239.167327504956,247.713461600962,234.799294744711,321.970018525139,273.237983034873,342.062969222269,273.237983034873,364.776739575547,276.732409243069,448.642968572264,266.24913061848
labeled-data,24,A_male_meet_with_a_female_side_view_4_2022-08-10_15-43-20_768.png,49.4047742858072,53.0891319184894,197.917888134161,272.364376482824,56.3936267022003,67.0668367512757,93.9587084403133,74.0556891676688,100.073954304657,64.4460170951282,111.430839481296,156.174705060288,128.902970522279,155.301098508239,134.144609834574,166.657983684878,175.204117780883,278.479622347168,338.568543014073,170.152409893074,560.464607234554,316.91831063733,538.624443433326,203.349458870942,529.014771360785,198.981426110696,508.048214111606,212.085524391433,509.795427215704,256.639458545939,485.334443758328,262.754704410283,465.241493061198,276.732409243069,358.661493711203,302.940605804544
labeled-data,24,A_male_meet_with_a_female_side_view_4_2022-08-10_15-43-20_790.png,70.3713315349865,77.5501153758654,228.494117455881,283.721261659462,97.4531346485099,85.4125743443076,99.2003477526081,121.230442978322,120.166905001788,113.36798400988,102.694773960805,184.13011472586,128.902970522279,185.877327829959,140.259855698918,205.09667197504,211.895592966947,277.606015795118,258.196740225552,205.09667197504,534.25641067308,323.907163053723,272.174445058338,241.788147161104,300.12985472391,241.788147161104,315.854772660795,234.799294744711,384.869690272677,289.836507523806,384.869690272677,268.869950274627,418.940345802594,280.226835451266,523.77313204849,292.457327179954
labeled-data,24,A_male_meet_with_a_female_side_view_4_2022-08-10_15-43-20_842.png,163.847232604245,192.866180246352,291.393789203419,288.962900971757,200.538707790308,229.557655432416,193.549855373915,217.327163703728,211.021986414898,217.327163703728,171.709691572687,240.914540609055,207.527560206701,241.788147161104,198.79149468621,259.260278202087,292.267395755468,270.617163378725,481.840017550132,12.0296239721798,623.364278982092,309.929458220937,636.468377262829,52.2155253664403,612.881000357503,32.12257466931,593.661656212421,27.7545419090644,597.156082420618,159.669131268485,558.717394130456,154.42749195619,560.464607234554,198.107819558647,489.702476518574,296.8253599402
labeled-data,24,A_male_meet_with_a_female_side_view_4_2022-08-10_15-43-20_989.png,403.215427865709,201.602245766843,525.520345152589,308.182245116838,405.836247521856,248.776999577497,422.43477201079,233.052081640612,437.286083395625,232.178475088563,452.137394780461,254.892245441841,480.092804446033,246.156179921349,485.334443758328,262.754704410283,474.851165133738,299.446179596347,511.542640319802,95.8958529688973,625.111492086191,311.676671325035,573.568705515291,164.03716402873,582.304771035783,128.219295394715,566.579853098898,135.208147811109,609.386574149306,143.070606779551,596.282475868569,163.163557476681,589.293623452176,175.394049205369,527.267558256687,294.204540284052
labeled-data,24,A_male_meet_with_a_female_top_view_1_2022-08-10_15-45-58_1051.png,209.2747733108,146.565032987747,324.590838181286,315.171097533231,316.728379212844,315.171097533231,311.486739900549,299.446179596347,296.635428515714,306.43503201274,267.806412298092,261.881097858234,247.713461600962,281.100442003315,234.609363320225,239.167327504956,253.828707465306,156.174705060288,60.761659462446,190.245360590204,235.482969872274,299.446179596347,74.7393642952322,212.085524391433,83.4754298157236,232.178475088563,95.7059215444116,217.327163703728,142.880675355065,288.962900971757,145.501495011213,254.018638889792,161.226412948097,272.364376482824,230.241330559979,279.353228899217
labeled-data,24,A_male_meet_with_a_female_top_view_1_2022-08-10_15-45-58_1166.png,82.6018232636745,11.1560174201307,224.999691247684,100.263885729143,90.4642822321167,46.1002795020963,100.073954304657,42.6058532938997,107.9364132731,28.6281484611135,151.616740875557,83.6653612402093,165.594445708343,56.583558126686,183.066576749326,66.1932301992266,221.505265039488,96.7694595209465,212.769199518996,81.0445415840619,401.468214761611,178.888475413566,219.758051935389,86.2861808963568,243.345428840716,108.999951249634,245.092641944815,86.2861808963568,265.185592641945,153.553885404141,270.42723195424,140.449787123403,294.888215411616,151.806672300042,389.237723032923,159.669131268485
labeled-data,24,A_male_meet_with_a_female_top_view_1_2022-08-10_15-45-58_1189.png,93.0851018882641,14.6504436283273,172.583298124736,112.494377457831,165.594445708343,112.494377457831,148.12231466736,93.2750333127499,168.21526536449,84.5389677922585,114.925265689493,61.8251974389808,149.869527771458,43.4794598459489,113.178052585394,26.8809353570152,117.54608534564,76.6765088238162,183.066576749326,118.609623322175,390.984936137021,184.13011472586,190.929035717768,171.899622997173,202.285920894407,160.542737820534,193.549855373915,143.9442133316,249.46067470506,152.680278852091,254.702314017355,132.587328154961,280.910510578829,136.081754363158,383.996083720628,168.405196788976
labeled-data,24,A_male_meet_with_a_female_top_view_1_2022-08-10_15-45-58_342.png,270.42723195424,129.092901946765,473.977558581689,224.316016120121,460.873460300952,146.565032987747,438.159689947675,145.691426435698,443.401329259969,166.657983684878,385.743296824726,171.026016445123,390.111329584972,192.866180246352,354.293460950957,186.750934382008,290.52018265137,134.334541259059,339.442149566122,96.7694595209465,526.393951704638,202.475852318892,516.784279632097,196.360606454548,522.899525496441,165.784377132829,504.553787903409,173.646836101271,481.840017550132,136.955360915207,471.356738925542,150.933065747993,443.401329259969,125.598475738568,349.925428190711,119.483229874224
labeled-data,24,A_male_meet_with_a_female_top_view_1_2022-08-10_15-45-58_356.png,328.085264389483,127.345688842666,539.498049985375,244.408966817251,524.646738600539,211.211917839384,511.542640319802,224.316016120121,482.713624102181,182.382901621762,465.241493061198,191.118967142254,433.791657187429,157.048311612337,336.821329909974,143.070606779551,414.572313042348,152.680278852091,556.970181026358,320.412736845526,455.631820988657,312.550277877084,490.576083070623,311.676671325035,478.345591341935,287.215687867659,539.498049985375,267.122737170529,510.669033767753,248.776999577497,534.25641067308,232.178475088563,527.267558256687,143.9442133316,161.226412948097,272.364376482824
labeled-data,24,A_male_meet_with_a_female_top_view_1_2022-08-10_15-45-58_458.png,197.044281582112,131.713721602912,295.761821963665,331.769622022165,265.185592641945,327.401589261919,271.300838506289,297.698966492249,245.092641944815,293.330933732003,272.174445058338,252.271425785693,231.988543664077,249.650606129546,240.724609184569,226.063229224219,249.46067470506,136.955360915207,411.9514933862,126.472082290617,569.200672755046,255.76585199389,422.43477201079,191.118967142254,443.401329259969,212.085524391433,459.126247196854,197.234213006598,503.68018135136,241.788147161104,504.553787903409,216.453557151679,523.77313204849,222.568803016023,537.750836881277,141.323393675453
labeled-data,24,A_male_meet_with_a_female_top_view_1_2022-08-10_15-45-58_653.png,90.4642822321167,238.293720952907,231.988543664077,330.022408918067,97.4531346485099,256.639458545939,128.902970522279,280.226835451266,135.018216386623,264.501917514381,186.561002957522,316.91831063733,197.044281582112,304.687818908642,223.252478143586,308.182245116838,207.527560206701,294.204540284052,138.512642594819,212.959130943482,372.639198543989,316.044704085281,184.813789853424,294.204540284052,191.802642269817,286.34208131561,179.572150541129,278.479622347168,241.598215736618,265.37552406643,235.482969872274,252.271425785693,245.966248496864,239.167327504956,356.914280607104,255.76585199389
labeled-data,24,A_male_meet_with_a_female_top_view_1_2022-08-10_15-45-58_734.png,44.1631349735123,204.223065422991,301.877067828009,350.115359615197,76.4865773993305,299.446179596347,114.925265689493,293.330933732003,114.925265689493,267.122737170529,196.170675030063,315.171097533231,171.709691572687,297.698966492249,199.665101238259,281.974048555364,296.635428515714,222.568803016023,186.561002957522,150.933065747993,404.089034417758,320.412736845526,381.37526406448,178.014868861516,342.936575774318,189.371754038155,361.28231336735,211.211917839384,303.624280932107,249.650606129546,325.464444733335,273.237983034873,285.278543339075,274.985196138971,205.780347102603,280.226835451266
labeled-data,24,A_male_meet_with_a_female_top_view_1_2022-08-10_15-45-58_80.png,183.066576749326,133.46093470701,407.583460625955,219.947983359875,196.170675030063,205.09667197504,214.516412623095,190.245360590204,200.538707790308,176.267655757418,261.691166433748,189.371754038155,260.817559881699,177.141262309467,296.635428515714,167.531590236927,406.709854073906,166.657983684878,,,,,,,,,,,,,,,,,,
labeled-data,24,A_male_meet_with_a_female_top_view_1_2022-08-10_15-45-58_816.png,187.434609509571,105.505525041438,303.624280932107,276.732409243069,259.94395332965,112.494377457831,231.114937112028,112.494377457831,245.966248496864,138.702574019305,202.285920894407,161.416344372583,234.609363320225,166.657983684878,233.735756768176,198.107819558647,287.899362995222,278.479622347168,,,,,,,,,,,,,,,,,,
labeled-data,24,A_male_meet_with_a_female_top_view_1_2022-08-10_15-45-58_931.png,203.159527446456,104.631918489389,321.970018525139,203.349458870942,327.211657837434,143.9442133316,296.635428515714,140.449787123403,297.509035067763,157.921918164386,252.955100913257,148.312246091846,246.839855048913,183.256508173811,228.494117455881,158.795524716435,265.185592641945,109.873557801684,251.207887809159,86.2861808963568,404.089034417758,246.156179921349,368.271165783743,101.137492281192,355.167067503006,115.988803666028,375.260018200136,121.230442978322,328.085264389483,163.163557476681,382.24887061653,174.52044265332,345.557395430466,200.728639214794,249.46067470506,211.211917839384
labeled-data,24,A_male_meet_with_a_female_top_view_1_2022-08-10_15-45-58_95.png,180.445757093178,129.966508498814,370.018378887842,280.226835451266,198.79149468621,284.594868211512,212.769199518996,266.24913061848,197.044281582112,256.639458545939,252.955100913257,213.832737495531,224.126084695635,206.843885079138,259.070346777601,169.278803341025,363.903133023498,150.933065747993,,,,,,,,,,,,,,,,,,
labeled-data,24,A_male_meet_with_the_other_cage_male_face_view_3_2022-08-10_15-46-01_1082.png,185.687396405473,184.13011472586,444.274935812019,333.516835126263,440.780509603822,302.940605804544,374.386411648087,253.145032337743,373.512805096038,271.490769930774,297.509035067763,283.721261659462,251.207887809159,295.95175338815,223.252478143586,267.122737170529,206.653953654652,245.2825733693,,,,,,,,,,,,,,,,,,
labeled-data,24,A_male_meet_with_the_other_cage_male_face_view_3_2022-08-10_15-46-01_134.png,135.018216386623,11.1560174201307,251.207887809159,326.52798270987,220.631658487439,31.2489681172609,234.609363320225,95.8958529688973,181.319363645227,77.5501153758654,224.999691247684,246.156179921349,166.468052260392,243.535360265202,195.297068478014,254.892245441841,254.702314017355,270.617163378725,,,,,,,,,,,,,,,,,,
labeled-data,24,A_male_meet_with_the_other_cage_male_face_view_3_2022-08-10_15-46-01_168.png,190.055429165719,178.888475413566,381.37526406448,322.159949949625,272.174445058338,227.810442328317,252.955100913257,196.360606454548,295.761821963665,205.09667197504,229.36772400793,255.76585199389,273.921658162436,267.122737170529,246.839855048913,281.100442003315,367.397559231694,304.687818908642,,,,,,,,,,,,,,,,,,
labeled-data,24,A_male_meet_with_the_other_cage_male_face_view_3_2022-08-10_15-46-01_420.png,235.482969872274,145.691426435698,382.24887061653,248.776999577497,263.438379537846,176.267655757418,280.910510578829,171.026016445123,261.691166433748,165.784377132829,296.635428515714,216.453557151679,285.278543339075,208.591098183236,314.107559556697,213.832737495531,374.386411648087,237.420114400858,349.051821638662,92.4014267607008,500.185755143164,285.468474763561,476.598378237837,114.241590561929,486.208050310377,143.9442133316,450.390181676363,153.553885404141,466.115099613247,244.408966817251,419.813952354643,251.397819233644,363.029526471449,247.903393025448,230.241330559979,279.353228899217
labeled-data,24,A_male_meet_with_the_other_cage_male_face_view_3_2022-08-10_15-46-01_595.png,207.527560206701,153.553885404141,385.743296824726,240.914540609055,222.378871591537,168.405196788976,237.230182976372,171.899622997173,244.219035392765,170.152409893074,277.416084370633,202.475852318892,286.152149891124,189.371754038155,301.877067828009,207.717491631187,377.007231304235,234.799294744711,183.066576749326,278.479622347168,296.635428515714,171.899622997173,270.42723195424,191.118967142254,249.46067470506,187.624540934057,274.795264714485,185.877327829959,238.103789528421,226.936835776268,262.564772985797,234.799294744711,235.482969872274,244.408966817251,245.966248496864,285.468474763561
labeled-data,24,A_male_meet_with_the_other_cage_male_face_view_3_2022-08-10_15-46-01_625.png,219.758051935389,149.185852643895,298.382641619812,227.810442328317,305.371494036205,170.152409893074,287.899362995222,167.531590236927,280.03690402678,161.416344372583,250.334281257109,200.728639214794,240.724609184569,194.61339335045,233.735756768176,210.338311287335,256.449527121453,215.579950599629,,,,,,,,,,,,,,,,,,
labeled-data,24,A_male_meet_with_the_other_cage_male_face_view_3_2022-08-10_15-46-01_656.png,237.230182976372,7.66159121193414,375.260018200136,302.940605804544,271.300838506289,22.5129025967695,317.601985764893,101.137492281192,263.438379537846,110.747164353733,358.661493711203,236.546507848809,296.635428515714,245.2825733693,315.854772660795,242.661753713153,308.865920244402,227.810442328317,,,,,,,,,,,,,,,,,,
labeled-data,24,A_male_meet_with_the_other_cage_male_side_view_4_2022-08-10_15-46-03_1005.png,53.7728070460528,192.866180246352,280.910510578829,321.286343397575,268.680018850141,320.412736845526,276.542477818584,271.490769930774,252.081494361208,271.490769930774,217.137232279242,283.721261659462,180.445757093178,294.204540284052,169.088871916539,295.95175338815,67.7505118788391,232.178475088563,,,,,,,,,,,,,,,,,,
labeled-data,24,A_male_meet_with_the_other_cage_male_side_view_4_2022-08-10_15-46-03_1122.png,171.709691572687,145.691426435698,374.386411648087,271.490769930774,181.319363645227,152.680278852091,195.297068478014,168.405196788976,209.2747733108,157.921918164386,220.631658487439,236.546507848809,224.999691247684,231.304868536514,244.219035392765,254.018638889792,359.535100263252,266.24913061848,,,,,,,,,,,,,,,,,,
labeled-data,24,A_male_meet_with_the_other_cage_male_side_view_4_2022-08-10_15-46-03_125.png,422.43477201079,72.3084760635705,621.617065877994,306.43503201274,613.754606909552,74.9292957197179,575.31591861939,96.7694595209465,583.178377587832,97.6430660729956,570.074279307095,233.052081640612,591.914443108323,243.535360265202,560.464607234554,245.2825733693,446.895755468166,310.803064772986,,,,,,,,,,,,,,,,,,
labeled-data,24,A_male_meet_with_the_other_cage_male_side_view_4_2022-08-10_15-46-03_154.png,150.743134323507,206.843885079138,422.43477201079,284.594868211512,156.858380187851,247.029786473399,172.583298124736,238.293720952907,186.561002957522,233.925688192661,235.482969872274,260.133884754136,252.955100913257,252.271425785693,264.311986089896,257.513065097988,406.709854073906,274.985196138971,,,,,,,,,,,,,,,,,,
labeled-data,24,A_male_meet_with_the_other_cage_male_side_view_4_2022-08-10_15-46-03_267.png,246.839855048913,215.579950599629,371.76559199194,293.330933732003,293.141002307517,275.85880269102,287.025756443173,254.018638889792,256.449527121453,266.24913061848,304.497887484156,244.408966817251,272.174445058338,240.914540609055,299.256248171861,217.327163703728,374.386411648087,210.338311287335,266.932805746043,205.970278527089,570.947885859144,323.907163053723,301.00346127596,242.661753713153,331.579690597679,237.420114400858,351.67264129481,233.052081640612,377.007231304235,318.665523741428,414.572313042348,302.066999252494,434.665263739478,317.791917189379,566.579853098898,309.929458220937
labeled-data,24,A_male_meet_with_the_other_cage_male_side_view_4_2022-08-10_15-46-03_280.png,244.219035392765,218.200770255777,382.24887061653,302.066999252494,377.007231304235,260.133884754136,337.694936462023,228.684048880367,342.062969222269,261.007491306185,288.772969547272,263.628310962332,254.702314017355,264.501917514381,272.174445058338,261.007491306185,285.278543339075,241.788147161104,,,,,,,,,,,,,,,,,,
labeled-data,24,A_male_meet_with_the_other_cage_male_side_view_4_2022-08-10_15-46-03_400.png,141.133462250967,135.208147811109,321.09641197309,308.182245116838,314.107559556697,158.795524716435,259.94395332965,159.669131268485,259.94395332965,169.278803341025,215.390019175144,245.2825733693,177.824937437031,248.776999577497,195.297068478014,252.271425785693,260.817559881699,264.501917514381,343.810182326367,108.126344697585,524.646738600539,276.732409243069,512.416246871852,115.115197113978,483.58723065423,134.334541259059,495.817722382918,136.081754363158,463.4942799571,217.327163703728,467.862312717345,236.546507848809,447.769362020215,231.304868536514,354.293460950957,274.985196138971
labeled-data,24,A_male_meet_with_the_other_cage_male_side_view_4_2022-08-10_15-46-03_411.png,153.363953979655,210.338311287335,235.482969872274,320.412736845526,197.044281582112,281.974048555364,228.494117455881,240.040934057005,183.940183301375,238.293720952907,215.390019175144,268.869950274627,167.341658812441,262.754704410283,191.802642269817,257.513065097988,197.917888134161,233.052081640612,383.122477168579,213.832737495531,541.245263089473,288.962900971757,393.605755793168,245.2825733693,420.687558906692,240.914540609055,424.181985114888,226.063229224219,501.932968247262,271.490769930774,501.059361695213,257.513065097988,529.014771360785,250.524212681595,509.795427215704,233.052081640612
labeled-data,24,A_male_meet_with_the_other_cage_male_side_view_4_2022-08-10_15-46-03_450.png,118.419691897689,138.702574019305,316.728379212844,295.95175338815,128.902970522279,147.438639539797,148.995921219409,170.152409893074,156.858380187851,161.416344372583,183.066576749326,246.156179921349,199.665101238259,240.040934057005,214.516412623095,245.2825733693,296.635428515714,289.836507523806,322.843625077188,157.921918164386,515.037066527999,284.594868211512,515.037066527999,184.13011472586,476.598378237837,185.877327829959,488.828869966525,192.866180246352,432.91805063538,234.799294744711,450.390181676363,248.776999577497,424.181985114888,261.007491306185,311.486739900549,279.353228899217
labeled-data,24,A_male_meet_with_the_other_cage_male_side_view_4_2022-08-10_15-46-03_463.png,162.973626052195,122.104049530372,290.52018265137,295.95175338815,180.445757093178,126.472082290617,172.583298124736,134.334541259059,191.802642269817,136.955360915207,165.594445708343,225.18962267217,195.297068478014,223.442409568072,188.30821606162,238.293720952907,274.795264714485,285.468474763561,344.683788878417,206.843885079138,486.208050310377,293.330933732003,383.122477168579,249.650606129546,411.9514933862,240.914540609055,416.319526146446,226.063229224219,435.538870291527,243.535360265202,462.62067340505,241.788147161104,457.379034092756,252.271425785693,356.914280607104,283.721261659462
labeled-data,24,A_male_meet_with_the_other_cage_male_side_view_4_2022-08-10_15-46-03_500.png,174.330511228834,208.591098183236,329.832477493581,318.665523741428,322.843625077188,309.929458220937,309.739526796451,267.996343722578,281.784117130878,274.985196138971,227.620510903832,260.133884754136,203.159527446456,264.501917514381,212.769199518996,247.029786473399,238.977396080471,252.271425785693,298.382641619812,198.107819558647,556.970181026358,318.665523741428,545.613295849719,288.962900971757,540.371656537424,248.776999577497,519.405099288245,252.271425785693,473.10395202964,272.364376482824,450.390181676363,272.364376482824,425.055591666937,255.76585199389,313.233953004648,261.007491306185
labeled-data,24,A_male_meet_with_the_other_cage_male_side_view_4_2022-08-10_15-46-03_768.png,135.891822938672,166.657983684878,245.966248496864,307.308638564789,242.471822288667,193.739786798401,204.906740550554,189.371754038155,215.390019175144,202.475852318892,153.363953979655,248.776999577497,186.561002957522,243.535360265202,174.330511228834,256.639458545939,245.966248496864,298.572573044298,,,,,,,,,,,,,,,,,,
labeled-data,24,A_male_meet_with_the_other_cage_male_side_view_4_2022-08-10_15-46-03_775.png,146.375101563262,154.42749195619,253.828707465306,309.055851668887,225.873297799733,165.784377132829,197.044281582112,177.141262309467,211.021986414898,182.382901621762,155.111167083753,241.788147161104,190.929035717768,248.776999577497,171.709691572687,263.628310962332,237.230182976372,295.078146836101,,,,,,,,,,,,,,,,,,
labeled-data,24,A_male_meet_with_the_other_cage_male_side_view_4_2022-08-10_15-46-03_993.png,109.683626377198,180.635688517664,238.103789528421,288.962900971757,135.891822938672,233.925688192661,114.925265689493,198.107819558647,163.847232604245,205.09667197504,125.408544314082,251.397819233644,167.341658812441,262.754704410283,179.572150541129,262.754704410283,237.230182976372,257.513065097988,11.8396925476941,6.78798465988496,151.616740875557,292.457327179954,71.2449380870357,23.3865091488187,62.5088725665443,62.6988039910299,71.2449380870357,67.9404433033248,50.2783808378563,184.13011472586,60.761659462446,182.382901621762,72.1185446390848,203.349458870942,155.984773635802,272.364376482824
labeled-data,24,A_male_meet_with_the_other_cage_male_top_view1_2022-08-10_15-40-59_107.png,209.2747733108,112.494377457831,448.642968572264,196.360606454548,214.516412623095,161.416344372583,231.114937112028,164.910770580779,233.735756768176,145.691426435698,300.12985472391,159.669131268485,303.624280932107,142.197000227502,326.338051285385,149.185852643895,439.033296499724,166.657983684878,,,,,,,,,,,,,,,,,,
labeled-data,24,A_male_meet_with_the_other_cage_male_top_view1_2022-08-10_15-40-59_531.png,138.512642594819,81.0445415840619,298.382641619812,260.133884754136,146.375101563262,89.7806071045533,157.731986739901,110.747164353733,170.836085020638,101.137492281192,195.297068478014,175.394049205369,212.769199518996,164.03716402873,219.758051935389,183.256508173811,282.657723682928,251.397819233644,436.412476843576,129.966508498814,552.602148266112,325.654376157821,487.955263414476,327.401589261919,516.784279632097,307.308638564789,504.553787903409,301.193392700445,536.877230329227,259.260278202087,506.301001007507,249.650606129546,516.784279632097,219.074376807826,471.356738925542,142.197000227502
labeled-data,24,A_male_meet_with_the_other_cage_male_top_view1_2022-08-10_15-40-59_773.png,148.12231466736,115.988803666028,350.799034742761,215.579950599629,150.743134323507,196.360606454548,176.951330884982,174.52044265332,150.743134323507,160.542737820534,238.977396080471,181.509295069713,221.505265039488,166.657983684878,244.219035392765,150.933065747993,345.557395430466,161.416344372583,198.79149468621,236.546507848809,380.501657512431,340.505687542657,363.903133023498,302.066999252494,340.315756118171,294.204540284052,346.431001982515,319.539130293477,291.393789203419,306.43503201274,287.899362995222,328.275195813969,269.55362540219,323.033556501674,204.033133998505,251.397819233644
labeled-data,24,A_male_meet_with_the_other_cage_male_top_view1_2022-08-10_15-40-59_865.png,204.033133998505,153.553885404141,295.761821963665,327.401589261919,299.256248171861,158.795524716435,275.668871266534,172.773229549222,295.761821963665,185.877327829959,239.85100263252,215.579950599629,268.680018850141,240.040934057005,230.241330559979,250.524212681595,275.668871266534,320.412736845526,380.501657512431,112.494377457831,546.486902401768,219.947983359875,383.122477168579,168.405196788976,413.698706490299,168.405196788976,403.215427865709,143.9442133316,460.873460300952,166.657983684878,462.62067340505,145.691426435698,483.58723065423,148.312246091846,540.371656537424,210.338311287335
labeled-data,24,A_male_meet_with_the_other_cage_male_top_view1_2022-08-10_15-40-59_875.png,176.077724332933,33.8697877734083,283.531330234977,248.776999577497,202.285920894407,45.2266729500471,191.802642269817,69.6876564074231,212.769199518996,69.6876564074231,214.516412623095,132.587328154961,240.724609184569,128.219295394715,237.230182976372,156.174705060288,274.795264714485,236.546507848809,259.94395332965,112.494377457831,485.334443758328,199.855032662745,270.42723195424,144.817819883649,284.404936787026,152.680278852091,290.52018265137,132.587328154961,357.787887159154,169.278803341025,363.029526471449,149.185852643895,377.007231304235,159.669131268485,481.840017550132,187.624540934057
labeled-data,24,A_male_meet_with_the_same_cage_mate_face_view_3_2022-08-10_15-41-02_1024.png,212.769199518996,158.795524716435,341.18936267022,262.754704410283,328.958870941532,178.014868861516,303.624280932107,170.152409893074,299.256248171861,178.014868861516,259.94395332965,221.695196463973,252.955100913257,231.304868536514,235.482969872274,230.431261984465,245.966248496864,221.695196463973,322.843625077188,81.0445415840619,450.390181676363,247.029786473399,434.665263739478,94.148639864799,417.193132698495,94.148639864799,417.193132698495,104.631918489389,425.929198218987,122.977656082421,431.170837531282,132.587328154961,403.215427865709,201.602245766843,331.579690597679,233.052081640612
labeled-data,24,A_male_meet_with_the_same_cage_mate_face_view_3_2022-08-10_15-41-02_103.png,307.118707140304,170.152409893074,424.181985114888,254.018638889792,313.233953004648,201.602245766843,335.074116805876,192.866180246352,335.074116805876,184.13011472586,363.029526471449,222.568803016023,382.24887061653,211.211917839384,382.24887061653,221.695196463973,383.996083720628,247.029786473399,,,,,,,,,,,,,,,,,,
labeled-data,24,A_male_meet_with_the_same_cage_mate_face_view_3_2022-08-10_15-41-02_1085.png,202.285920894407,159.669131268485,383.122477168579,303.814212356593,236.356576424323,204.223065422991,233.735756768176,185.00372127791,252.955100913257,186.750934382008,258.196740225552,281.974048555364,289.646576099321,264.501917514381,303.624280932107,280.226835451266,363.029526471449,264.501917514381,160.352806396048,210.338311287335,254.702314017355,317.791917189379,191.802642269817,311.676671325035,219.758051935389,260.133884754136,169.962478468589,256.639458545939,210.148379862849,271.490769930774,180.445757093178,269.743556826676,193.549855373915,251.397819233644,213.642806071045,252.271425785693
,,,,,,,,,,,,,,,,,,,,,,,,,,,,,,,,,,,,,,
labeled-data,24,A_male_meet_with_the_same_cage_mate_face_view_3_2022-08-10_15-41-02_322.png,231.114937112028,163.163557476681,322.843625077188,229.557655432416,289.646576099321,190.245360590204,277.416084370633,171.026016445123,306.245100588254,174.52044265332,308.865920244402,205.970278527089,284.404936787026,205.970278527089,274.795264714485,205.970278527089,240.724609184569,214.70634404758,,,,,,,,,,,,,,,,,,
labeled-data,24,A_male_meet_with_the_same_cage_mate_face_view_3_2022-08-10_15-41-02_514.png,211.895592966947,174.52044265332,293.141002307517,255.76585199389,289.646576099321,210.338311287335,270.42723195424,200.728639214794,273.921658162436,205.970278527089,240.724609184569,207.717491631187,263.438379537846,217.327163703728,244.219035392765,219.074376807826,228.494117455881,252.271425785693,324.590838181286,190.245360590204,396.226575449316,250.524212681595,336.821329909974,236.546507848809,358.661493711203,208.591098183236,347.304608534564,207.717491631187,385.743296824726,216.453557151679,366.523952679645,219.947983359875,370.891985439891,212.085524391433,365.650346127596,201.602245766843
labeled-data,24,A_male_meet_with_the_same_cage_mate_face_view_3_2022-08-10_15-41-02_581.png,219.758051935389,182.382901621762,277.416084370633,240.040934057005,274.795264714485,206.843885079138,258.196740225552,196.360606454548,266.932805746043,196.360606454548,231.114937112028,208.591098183236,249.46067470506,217.327163703728,235.482969872274,216.453557151679,209.2747733108,235.67290129676,303.624280932107,194.61339335045,446.895755468166,285.468474763561,425.055591666937,260.133884754136,438.159689947675,234.799294744711,414.572313042348,238.293720952907,423.308378562839,249.650606129546,382.24887061653,248.776999577497,374.386411648087,229.557655432416,302.750674380058,230.431261984465
labeled-data,24,A_male_meet_with_the_same_cage_mate_face_view_3_2022-08-10_15-41-02_681.png,178.69854398908,208.591098183236,343.810182326367,325.654376157821,308.865920244402,312.550277877084,286.152149891124,259.260278202087,264.311986089896,269.743556826676,226.746904351783,271.490769930774,208.401166758751,273.237983034873,242.471822288667,254.892245441841,336.821329909974,254.892245441841,340.315756118171,64.4460170951282,443.401329259969,225.18962267217,441.654116155871,81.918148136111,419.813952354643,82.7917546881602,420.687558906692,84.5389677922585,385.743296824726,133.46093470701,385.743296824726,134.334541259059,378.754444408333,143.9442133316,349.051821638662,215.579950599629
labeled-data,24,A_male_meet_with_the_same_cage_mate_face_view_3_2022-08-10_15-41-02_694.png,208.401166758751,214.70634404758,480.092804446033,327.401589261919,464.367886509149,318.665523741428,431.170837531282,278.479622347168,416.319526146446,271.490769930774,301.00346127596,299.446179596347,309.739526796451,284.594868211512,286.152149891124,287.215687867659,207.527560206701,274.985196138971,353.419854398908,98.5166726250447,424.181985114888,233.052081640612,370.018378887842,126.472082290617,378.754444408333,130.840115050863,378.754444408333,119.483229874224,385.743296824726,166.657983684878,409.330673730053,167.531590236927,393.605755793168,178.888475413566,380.501657512431,224.316016120121
labeled-data,24,A_male_meet_with_the_same_cage_mate_face_view_3_2022-08-10_15-41-02_724.png,258.196740225552,173.646836101271,415.445919594397,239.167327504956,265.185592641945,216.453557151679,301.877067828009,205.09667197504,293.141002307517,199.855032662745,334.200510253827,203.349458870942,322.843625077188,191.992573694303,344.683788878417,203.349458870942,387.490509928824,224.316016120121,345.557395430466,174.52044265332,404.962640969807,261.007491306185,366.523952679645,193.739786798401,359.535100263252,181.509295069713,380.501657512431,182.382901621762,365.650346127596,215.579950599629,378.754444408333,216.453557151679,377.007231304235,223.442409568072,377.880837856284,255.76585199389
labeled-data,24,A_male_meet_with_the_same_cage_mate_face_view_3_2022-08-10_15-41-02_920.png,241.598215736618,175.394049205369,310.6131333485,236.546507848809,248.587068153011,238.293720952907,280.910510578829,215.579950599629,258.196740225552,209.464704735286,300.12985472391,206.843885079138,282.657723682928,204.223065422991,291.393789203419,199.855032662745,314.107559556697,205.09667197504,317.601985764893,136.955360915207,389.237723032923,241.788147161104,329.832477493581,149.185852643895,329.832477493581,154.42749195619,340.315756118171,151.806672300042,364.776739575547,209.464704735286,360.408706815301,200.728639214794,303.624280932107,221.695196463973,230.241330559979,279.353228899217
labeled-data,24,A_male_meet_with_the_same_cage_mate_face_view_3_2022-08-10_15-41-02_952.png,312.360346452598,178.888475413566,371.76559199194,239.167327504956,349.925428190711,231.304868536514,361.28231336735,211.211917839384,342.062969222269,211.211917839384,351.67264129481,199.855032662745,334.200510253827,203.349458870942,338.568543014073,198.107819558647,328.085264389483,173.646836101271,287.899362995222,115.988803666028,516.784279632097,306.43503201274,486.208050310377,152.680278852091,480.092804446033,133.46093470701,461.747066853001,146.565032987747,451.263788228412,236.546507848809,433.791657187429,253.145032337743,399.721001657512,264.501917514381,301.877067828009,284.594868211512
labeled-data,24,A_male_meet_with_the_same_cage_mate_side_view_4_2022-08-10_15-41-04_118.png,377.007231304235,205.970278527089,607.639361045208,309.929458220937,614.628213461601,219.947983359875,579.683951379635,222.568803016023,572.695098963242,237.420114400858,522.025918944392,266.24913061848,512.416246871852,281.974048555364,492.323296174721,280.226835451266,380.501657512431,287.215687867659,,,,,,,,,,,,,,,,,,
labeled-data,24,A_male_meet_with_the_same_cage_mate_side_view_4_2022-08-10_15-41-04_120.png,396.226575449316,132.587328154961,614.628213461601,325.654376157821,612.881000357503,142.197000227502,596.282475868569,152.680278852091,589.293623452176,157.048311612337,552.602148266112,269.743556826676,530.761984464883,270.617163378725,520.278705840294,288.089294419708,380.501657512431,288.962900971757,,,,,,,,,,,,,,,,,,
labeled-data,24,A_male_meet_with_the_same_cage_mate_side_view_4_2022-08-10_15-41-04_125.png,439.033296499724,77.5501153758654,612.881000357503,309.929458220937,624.237885534142,88.9070005525042,579.683951379635,103.75831193734,588.420016900127,108.999951249634,579.683951379635,233.925688192661,597.156082420618,250.524212681595,557.843787578407,259.260278202087,461.747066853001,289.836507523806,,,,,,,,,,,,,,,,,,
labeled-data,24,A_male_meet_with_the_same_cage_mate_side_view_4_2022-08-10_15-41-04_153.png,462.62067340505,15.5240501803764,627.732311742338,323.033556501674,638.215590366928,78.4237219279145,623.364278982092,44.353066397998,625.111492086191,54.8363450225877,574.44231206734,143.9442133316,595.40886931652,159.669131268485,578.810344827586,173.646836101271,510.669033767753,297.698966492249,,,,,,,,,,,,,,,,,,
labeled-data,24,A_male_meet_with_the_same_cage_mate_side_view_4_2022-08-10_15-41-04_289.png,46.7839546296597,203.349458870942,247.713461600962,297.698966492249,237.230182976372,252.271425785693,223.252478143586,227.810442328317,204.906740550554,233.052081640612,137.63903604277,247.029786473399,131.523790178426,272.364376482824,108.810019825149,262.754704410283,66.0032987747408,324.780769605772,,,,,,,,,,,,,,,,,,
labeled-data,24,A_male_meet_with_the_same_cage_mate_side_view_4_2022-08-10_15-41-04_404.png,352.546247846859,222.568803016023,576.189525171439,327.401589261919,407.583460625955,315.171097533231,439.906903051773,280.226835451266,432.91805063538,273.237983034873,542.118869641522,301.193392700445,521.152312392343,287.215687867659,544.73968929767,284.594868211512,544.73968929767,266.24913061848,,,,,,,,,,,,,,,,,,
labeled-data,24,A_male_meet_with_the_same_cage_mate_side_view_4_2022-08-10_15-41-04_436.png,179.572150541129,210.338311287335,453.884607884559,318.665523741428,204.033133998505,220.821589911924,216.263625727193,230.431261984465,237.230182976372,222.568803016023,270.42723195424,295.95175338815,277.416084370633,281.974048555364,314.981166108746,301.193392700445,441.654116155871,295.078146836101,135.891822938672,207.717491631187,220.631658487439,330.896015470116,191.802642269817,240.040934057005,183.066576749326,234.799294744711,199.665101238259,234.799294744711,160.352806396048,254.018638889792,205.780347102603,261.007491306185,176.077724332933,259.260278202087,161.226412948097,331.769622022165
labeled-data,24,A_male_meet_with_the_same_cage_mate_side_view_4_2022-08-10_15-41-04_481.png,125.408544314082,191.992573694303,249.46067470506,320.412736845526,198.79149468621,235.67290129676,174.330511228834,206.843885079138,177.824937437031,221.695196463973,143.754281907114,236.546507848809,168.21526536449,237.420114400858,153.363953979655,252.271425785693,239.85100263252,302.066999252494,263.438379537846,228.684048880367,561.338213786603,334.390441678313,284.404936787026,308.182245116838,335.074116805876,282.847655107413,312.360346452598,262.754704410283,436.412476843576,306.43503201274,426.802804771036,274.111589586922,464.367886509149,283.721261659462,534.25641067308,281.974048555364
labeled-data,24,A_male_meet_with_the_same_cage_mate_side_view_4_2022-08-10_15-41-04_499.png,78.2337905034288,154.42749195619,308.865920244402,337.884867886509,125.408544314082,168.405196788976,114.925265689493,162.289950924632,144.627888459163,171.899622997173,106.189200169001,267.122737170529,144.627888459163,264.501917514381,127.155757418181,274.985196138971,293.141002307517,331.769622022165,225.873297799733,182.382901621762,471.356738925542,281.974048555364,448.642968572264,209.464704735286,420.687558906692,203.349458870942,432.044444083331,219.074376807826,354.293460950957,234.799294744711,365.650346127596,248.776999577497,328.085264389483,247.029786473399,233.735756768176,226.063229224219
labeled-data,24,A_male_meet_with_the_same_cage_mate_side_view_4_2022-08-10_15-41-04_510.png,63.3824791185934,82.7917546881602,367.397559231694,356.230605479541,119.293298449738,98.5166726250447,147.248708115311,127.345688842666,121.914118105886,128.219295394715,148.12231466736,276.732409243069,120.166905001788,270.617163378725,174.330511228834,290.710114075856,355.167067503006,350.988966167246,283.531330234977,199.855032662745,473.10395202964,299.446179596347,425.929198218987,236.546507848809,413.698706490299,221.695196463973,439.906903051773,224.316016120121,393.605755793168,250.524212681595,433.791657187429,261.007491306185,392.732149241119,259.260278202087,293.141002307517,287.215687867659
labeled-data,24,A_male_meet_with_the_same_cage_mate_side_view_4_2022-08-10_15-41-04_640.png,113.178052585394,79.2973284799637,190.055429165719,267.996343722578,142.880675355065,86.2861808963568,146.375101563262,97.6430660729956,161.226412948097,96.7694595209465,140.259855698918,159.669131268485,156.858380187851,165.784377132829,159.479199843999,199.855032662745,182.192970197276,267.996343722578,399.721001657512,226.063229224219,584.051984139881,318.665523741428,569.200672755046,301.193392700445,544.73968929767,254.018638889792,559.591000682505,272.364376482824,482.713624102181,274.985196138971,482.713624102181,295.95175338815,449.516575124313,287.215687867659,453.01100133251,269.743556826676
labeled-data,24,A_male_meet_with_the_same_cage_mate_side_view_4_2022-08-10_15-41-04_666.png,100.947560856706,91.5278202086516,188.30821606162,268.869950274627,145.501495011213,97.6430660729956,149.869527771458,114.241590561929,165.594445708343,103.75831193734,128.902970522279,189.371754038155,158.60559329195,181.509295069713,146.375101563262,202.475852318892,166.468052260392,261.881097858234,395.352968897267,199.855032662745,576.189525171439,327.401589261919,529.014771360785,255.76585199389,504.553787903409,246.156179921349,537.750836881277,241.788147161104,503.68018135136,274.985196138971,543.86608274562,276.732409243069,522.899525496441,282.847655107413,406.709854073906,323.907163053723
labeled-data,24,A_male_meet_with_the_same_cage_mate_side_view_4_2022-08-10_15-41-04_736.png,130.650183626377,194.61339335045,395.352968897267,343.126507198804,377.007231304235,316.91831063733,371.76559199194,241.788147161104,372.639198543989,265.37552406643,293.141002307517,299.446179596347,285.278543339075,319.539130293477,251.207887809159,318.665523741428,116.672478793591,323.907163053723,,,,,,,,,,,,,,,,,,
labeled-data,24,A_male_meet_with_the_same_cage_mate_side_view_4_2022-08-10_15-41-04_798.png,139.386249146869,191.118967142254,278.289690922682,323.907163053723,272.174445058338,243.535360265202,224.126084695635,219.947983359875,246.839855048913,233.925688192661,167.341658812441,259.260278202087,191.802642269817,265.37552406643,156.858380187851,269.743556826676,254.702314017355,329.148802366018,438.159689947675,215.579950599629,568.327066202996,303.814212356593,453.884607884559,255.76585199389,461.747066853001,247.029786473399,466.115099613247,233.925688192661,503.68018135136,258.386671650037,515.910673080048,247.029786473399,527.267558256687,259.260278202087,534.25641067308,300.319786148396
labeled-data,24,A_male_meet_with_the_same_cage_mate_side_view_4_2022-08-10_15-41-04_837.png,166.468052260392,115.988803666028,307.118707140304,295.95175338815,185.687396405473,134.334541259059,178.69854398908,142.197000227502,195.297068478014,139.576180571354,179.572150541129,224.316016120121,197.917888134161,227.810442328317,203.159527446456,238.293720952907,296.635428515714,288.962900971757,,,,,,,,,,,,,,,,,,
labeled-data,24,A_male_meet_with_the_same_cage_mate_side_view_4_2022-08-10_15-41-04_924.png,142.007068803016,210.338311287335,287.899362995222,278.479622347168,275.668871266534,267.996343722578,266.932805746043,238.293720952907,258.196740225552,247.029786473399,210.148379862849,249.650606129546,194.423461925964,262.754704410283,177.824937437031,246.156179921349,143.754281907114,236.546507848809,435.538870291527,122.104049530372,488.828869966525,281.974048555364,466.115099613247,129.092901946765,459.126247196854,133.46093470701,480.092804446033,140.449787123403,446.895755468166,213.832737495531,473.10395202964,217.327163703728,462.62067340505,229.557655432416,459.126247196854,287.215687867659
labeled-data,24,A_male_meet_with_the_same_cage_mate_top_view_1_2022-08-10_15-43-15_1029.png,384.869690272677,99.3902791770939,539.498049985375,284.594868211512,452.137394780461,121.230442978322,463.4942799571,133.46093470701,480.092804446033,119.483229874224,491.449689622672,173.646836101271,509.795427215704,171.899622997173,501.932968247262,198.107819558647,422.43477201079,269.743556826676,495.817722382918,238.293720952907,630.353131398485,343.126507198804,534.25641067308,337.01126133446,571.821492411193,321.286343397575,553.475754818161,302.940605804544,600.650508628815,288.089294419708,561.338213786603,286.34208131561,570.074279307095,275.85880269102,504.553787903409,261.007491306185
labeled-data,24,A_male_meet_with_the_same_cage_mate_top_view_1_2022-08-10_15-43-15_108.png,331.579690597679,139.576180571354,479.219197893984,291.583720627905,347.304608534564,179.762081965615,362.155919919399,184.13011472586,370.018378887842,162.289950924632,411.9514933862,208.591098183236,426.802804771036,194.61339335045,441.654116155871,213.832737495531,453.884607884559,298.572573044298,,,,,,,,,,,,,,,,,,
labeled-data,24,A_male_meet_with_the_same_cage_mate_top_view_1_2022-08-10_15-43-15_1125.png,191.802642269817,112.494377457831,359.535100263252,210.338311287335,259.94395332965,136.955360915207,218.010838831291,126.472082290617,224.999691247684,134.334541259059,203.159527446456,180.635688517664,243.345428840716,182.382901621762,249.46067470506,199.855032662745,335.074116805876,195.486999902499,226.746904351783,88.033394000455,411.077886834151,157.921918164386,241.598215736618,133.46093470701,266.932805746043,126.472082290617,252.955100913257,114.241590561929,302.750674380058,133.46093470701,288.772969547272,119.483229874224,314.981166108746,123.85126263447,409.330673730053,136.081754363158
labeled-data,24,A_male_meet_with_the_same_cage_mate_top_view_1_2022-08-10_15-43-15_1234.png,148.12231466736,116.862410218077,370.891985439891,175.394049205369,158.60559329195,136.955360915207,180.445757093178,144.817819883649,183.066576749326,131.713721602912,231.114937112028,157.921918164386,224.999691247684,142.197000227502,256.449527121453,147.438639539797,359.535100263252,163.163557476681,220.631658487439,286.34208131561,327.211657837434,150.933065747993,256.449527121453,287.215687867659,261.691166433748,274.111589586922,240.724609184569,269.743556826676,298.382641619812,226.936835776268,270.42723195424,219.947983359875,305.371494036205,205.09667197504,265.185592641945,152.680278852091
labeled-data,24,A_male_meet_with_the_same_cage_mate_top_view_1_2022-08-10_15-43-15_256.png,230.241330559979,117.736016770126,375.260018200136,247.903393025448,363.029526471449,231.304868536514,359.535100263252,215.579950599629,342.936575774318,232.178475088563,333.326903701778,191.992573694303,301.877067828009,210.338311287335,293.141002307517,173.646836101271,240.724609184569,117.736016770126,397.100182001365,177.141262309467,547.360508953817,332.643228574214,481.840017550132,175.394049205369,476.598378237837,198.107819558647,506.301001007507,204.223065422991,485.334443758328,267.996343722578,522.025918944392,272.364376482824,494.07050927882,294.204540284052,390.984936137021,312.550277877084
labeled-data,24,A_male_meet_with_the_same_cage_mate_top_view_1_2022-08-10_15-43-15_453.png,234.609363320225,122.977656082421,453.884607884559,208.591098183236,242.471822288667,199.855032662745,265.185592641945,198.107819558647,258.196740225552,185.00372127791,343.810182326367,177.141262309467,325.464444733335,156.174705060288,357.787887159154,150.933065747993,454.758214436608,175.394049205369,224.999691247684,226.063229224219,431.170837531282,342.252900646755,250.334281257109,233.052081640612,238.103789528421,244.408966817251,257.323133673503,243.535360265202,290.52018265137,302.940605804544,308.865920244402,280.226835451266,318.475592316942,309.929458220937,418.940345802594,340.505687542657
labeled-data,24,A_male_meet_with_the_same_cage_mate_top_view_1_2022-08-10_15-43-15_472.png,256.449527121453,212.085524391433,512.416246871852,300.319786148396,493.19690272677,248.776999577497,469.609525821444,246.156179921349,480.092804446033,271.490769930774,394.479362345217,252.271425785693,373.512805096038,273.237983034873,359.535100263252,254.892245441841,266.932805746043,288.089294419708,449.516575124313,142.197000227502,527.267558256687,251.397819233644,497.564935487016,138.702574019305,489.702476518574,156.174705060288,509.795427215704,157.048311612337,485.334443758328,212.085524391433,505.427394455458,213.832737495531,490.576083070623,234.799294744711,473.10395202964,264.501917514381
labeled-data,24,A_male_meet_with_the_same_cage_mate_top_view_1_2022-08-10_15-43-15_660.png,61.6352660144951,107.252738145536,287.899362995222,224.316016120121,71.2449380870357,148.312246091846,95.7059215444116,150.933065747993,93.9587084403133,124.724869186519,156.858380187851,200.728639214794,162.100019500146,185.00372127791,174.330511228834,191.118967142254,294.888215411616,191.992573694303,163.847232604245,102.011098833241,361.28231336735,211.211917839384,181.319363645227,145.691426435698,211.895592966947,145.691426435698,204.033133998505,124.724869186519,277.416084370633,185.877327829959,264.311986089896,173.646836101271,285.278543339075,165.784377132829,380.501657512431,128.219295394715
labeled-data,24,A_male_meet_with_the_same_cage_mate_top_view_1_2022-08-10_15-43-15_800.png,49.4047742858072,72.3084760635705,242.471822288667,231.304868536514,73.8657577431831,88.033394000455,62.5088725665443,98.5166726250447,86.096249471871,86.2861808963568,132.397396730475,166.657983684878,152.490347427606,150.933065747993,152.490347427606,164.03716402873,229.36772400793,206.843885079138,362.155919919399,129.966508498814,597.156082420618,276.732409243069,579.683951379635,147.438639539797,547.360508953817,165.784377132829,559.591000682505,182.382901621762,496.691328934967,220.821589911924,505.427394455458,243.535360265202,495.817722382918,232.178475088563,376.133624752186,254.018638889792
labeled-data,24,A_male_meet_with_the_same_cage_mate_top_view_1_2022-08-10_15-43-15_865.png,154.237560531704,129.966508498814,356.040674055055,251.397819233644,171.709691572687,175.394049205369,198.79149468621,163.163557476681,190.055429165719,146.565032987747,235.482969872274,185.877327829959,233.735756768176,159.669131268485,252.955100913257,178.888475413566,338.568543014073,247.029786473399,459.999853748903,209.464704735286,611.133787253404,334.390441678313,611.133787253404,322.159949949625,593.661656212421,295.95175338815,567.453459650947,309.055851668887,540.371656537424,306.43503201274,515.910673080048,316.91831063733,523.77313204849,299.446179596347,466.115099613247,220.821589911924
labeled-data,24,A_male_meet_with_the_same_cage_mate_top_view_1_2022-08-10_15-43-15_968.png,363.029526471449,162.289950924632,505.427394455458,304.687818908642,425.055591666937,303.814212356593,459.999853748903,285.468474763561,435.538870291527,269.743556826676,493.19690272677,238.293720952907,450.390181676363,230.431261984465,457.379034092756,215.579950599629,373.512805096038,171.899622997173,491.449689622672,267.996343722578,605.892147941109,348.368146511099,499.312148591114,346.620933407001,550.854935162014,334.390441678313,529.888377912834,315.171097533231,586.672803796028,318.665523741428,556.970181026358,309.929458220937,560.464607234554,294.204540284052,506.301001007507,293.330933732003
